{
  "0_0": [
    36.23313787777775,
    128.7295799888889
  ],
  "0_1": [
    36.23316121111109,
    128.72956521111112
  ],
  "0_2": [
    36.23318454444443,
    128.72955043333334
  ],
  "0_3": [
    36.233207877777765,
    128.72953565555554
  ],
  "0_4": [
    36.233231211111104,
    128.72952087777776
  ],
  "1_0": [
    36.233152655555536,
    128.72960332222223
  ],
  "1_1": [
    36.233175988888874,
    128.72958854444445
  ],
  "1_2": [
    36.23319932222221,
    128.72957376666668
  ],
  "1_3": [
    36.23322265555555,
    128.7295589888889
  ],
  "1_4": [
    36.23324598888889,
    128.7295442111111
  ],
  "2_0": [
    36.23316743333332,
    128.72962665555556
  ],
  "2_1": [
    36.23319076666666,
    128.72961187777778
  ],
  "2_3": [
    36.233237433333336,
    128.72958232222223
  ],
  "2_4": [
    36.233260766666675,
    128.72956754444445
  ],
  "3_0": [
    36.23318221111111,
    128.72964998888892
  ],
  "3_1": [
    36.233205544444445,
    128.72963521111112
  ],
  "3_2": [
    36.23322887777778,
    128.72962043333334
  ],
  "3_3": [
    36.23325221111112,
    128.72960565555556
  ],
  "3_4": [
    36.23327554444446,
    128.72959087777778
  ],
  "4_0": [
    36.23319698888889,
    128.72967332222225
  ],
  "4_1": [
    36.23322032222223,
    128.72965854444448
  ],
  "4_2": [
    36.23324365555557,
    128.72964376666667
  ],
  "4_3": [
    36.23326698888891,
    128.7296289888889
  ],
  "4_4": [
    36.233290322222246,
    128.7296142111111
  ]
}