{
  "0_0": [
    36.3697217,
    127.3683743
  ],
  "0_1": [
    36.3696901,
    127.3683175
  ],
  "1_0": [
    36.3697809,
    127.3683243
  ],
  "1_1": [
    36.3697504,
    127.3682671
  ]
}